# PyRadio Playlist File - Format:,,,,,,,,,
# name,url,encoding,icon,profile,buffering,force-http,volume,referer,player
中国之声,https://ytcast2.radio.cn/110/radios/40639/index_40639.m3u8?type=1&key=97aff6071bd080f7fcff89e7c1dc0847&time=68f853cf
经济之声,https://ytcast2.radio.cn/110/radios/40640/index_40640.m3u8?type=1&key=0e195044eedb53109db2304ccc6353b1&time=68f853cf
音乐之声 - Music Radio,https://ytcast2.radio.cn/110/radios/40641/index_40641.m3u8?type=1&key=6382bb0e2d539c4c9a713f04136cae8b&time=68f853cf
台海之声,https://ytcast2.radio.cn/110/radios/40643/index_40643.m3u8?type=1&key=738715f6e62895a9d4017d44022369f7&time=68f853cf
神州之声,https://ytcast2.radio.cn/110/radios/40644/index_40644.m3u8?type=1&key=1ca481d625ba0a58e0d6534d0aff9bdc&time=68f853cf
民族之声,https://ytcast2.radio.cn/110/radios/40647/index_40647.m3u8?type=1&key=2a7eb5a7044a26b94eb5514387ba6866&time=68f853cf
文艺之声,https://ytcast2.radio.cn/110/radios/40648/index_40648.m3u8?type=1&key=e0ece74f64de98349371a6717a87755a&time=68f853cf
老年之声,https://ytcast2.radio.cn/110/radios/40649/index_40649.m3u8?type=1&key=df8ca6ad3fabb069b3b0767de25578c0&time=68f853cf
阅读之声,https://ytcast2.radio.cn/110/radios/40652/index_40652.m3u8?type=1&key=94e0f621f3480e900cf94b9b3b177055&time=68f853cf
北京新闻广播,https://brtv-radiolive.rbc.cn/alive/fm945.m3u8
北京文艺广播,https://brtv-radiolive.rbc.cn/alive/fm876.m3u8
北京音乐广播,https://brtv-radiolive.rbc.cn/alive/fm974.m3u8
北京交通广播,https://brtv-radiolive.rbc.cn/alive/fm1039.m3u8
北京新城广播,https://ls.qtfm.cn/live/20500023.m3u8
北京城市广播,https://brtv-radiolive.rbc.cn/alive/fm1073.m3u8
北京体育广播,https://brtv-radiolive.rbc.cn/alive/fm1025.m3u8
北京外语广播,https://live.ximalaya.com/radio-first-page-app/live/96/64.m3u8?transcode=ts
天津滨海广播,https://live.ximalaya.com/radio-first-page-app/live/2355/64.m3u8?transcode=ts
上海新闻广播,https://ytcast.radio.cn/78/radios/20849/index_20849.m3u8?type=1&key=3631a2ee22e3b253def068a4e9168a9b&time=68f86076
上海交通广播,https://ytcast.radio.cn/64/radios/21312/index_21312.m3u8?type=1&key=80e5b80055d2775d2c7a38160011cbfb&time=68f875a5
上海东广新闻台,https://ytcast.radio.cn/69/radios/20843/index_20843.m3u8?type=1&key=75bbc185ec5f89b167f179b9480723b4&time=68f875a6
上海故事广播,rtmp://l3.smgtech.net/AppName/1072
上海戏剧曲艺广播,https://ytcast.radio.cn/69/radios/21314/index_21314.m3u8?type=1&key=849eac935e13b3af8c94f0bad30329f1&time=68f8a7da
上海五星体育广播,https://ytcast.radio.cn/64/radios/20845/index_20845.m3u8?type=1&key=21ed923e273fb994b7b08346db63a414&time=68f875a8
上海经典947电台,https://ytcast.radio.cn/64/radios/21316/index_21316.m3u8?type=1&key=004028332d76398968bcb1265318d77d&time=68f86b3a
上海流行音乐LoveRadio,https://ytcast.radio.cn/64/radios/21313/index_21313.m3u8?type=1&key=291dc25400157bedf5fa2e36551dc479&time=68f88f11
上海金山人民广播电台,https://ytcast.radio.cn/82/radios/20847/index_20847.m3u8?type=1&key=358d7a437462f51b50103e1ad40eaa6e&time=68f875aa
安徽之声,https://ytcast.radio.cn/70/radios/20599/index_20599.m3u8?type=1&key=465b888067493f92a29641f39fab88e7&time=68f875ab
安徽经济广播,https://satellitepull.cnr.cn/live/wxahjjgb/playlist.m3u8
安徽音乐广播,https://satellitepull.cnr.cn/live/wxahyygb/playlist.m3u8
安徽交通广播,https://satellitepull.cnr.cn/live/wxahjtgb/playlist.m3u8
安徽农村广播,https://satellitepull.cnr.cn/live/wxahncgb/playlist.m3u8
安徽小说评书广播,https://satellitepull.cnr.cn/live/wxahxspsgb/playlist.m3u8
安徽戏曲广播,https://satellitepull.cnr.cn/live/wxahxqgb/playlist.m3u8
安徽旅游广播,https://satellitepull.cnr.cn/live/wxahlygb/playlist.m3u8
合肥文艺广播,https://ls.qtfm.cn/live/20211585.m3u8
合肥交通广播,https://ytcast.radio.cn/57/radios/22296/index_22296.m3u8?type=1&key=e5b8e8d98d0f8d750b9318764552aea2&time=68f875b1
合肥故事广播,https://ytcast.radio.cn/75/radios/21433/index_21433.m3u8?type=1&key=b29300d29b0b63d0db3377c2208fe0be&time=68f875b2
淮北交通广播,https://ytcast.radio.cn/86/radios/21337/index_21337.m3u8?type=1&key=206d2670c81e0d43b32a78462211d5de&time=68f875b2
滁州文艺故事广播,https://ytcast.radio.cn/85/radios/20943/index_20943.m3u8?type=1&key=664d1da0971a2d9d2e4a5f2ed87fd3bb&time=68f8871e
芜湖新闻广播,http://live1.wuhubtv.com/channel5/sd/live.m3u8
芜湖交通经济广播,http://live1.wuhubtv.com/channel6/sd/live.m3u8
安徽天长人民广播电台,https://live.ximalaya.com/radio-first-page-app/live/1640/64.m3u8?transcode=ts
福建经济广播,https://satellitepull.cnr.cn/live/wx32fjdnjjgb/playlist.m3u8
福建交通广播,https://ytcast.radio.cn/63/radios/20473/index_20473.m3u8?type=1&key=659e783b3d07d83f4540c8d77d10180d&time=68f8872b
福建音乐广播,https://satellitepull.cnr.cn/live/wx32fjdnyygb/playlist.m3u8
福建新闻广播,https://satellitepull.cnr.cn/live/wx32fjxwgb/playlist.m3u8
福建私家车都市广播,https://ytcast.radio.cn/63/radios/20472/index_20472.m3u8?type=1&key=1be8ef534a3237a12470130b449e0c1f&time=68f8a807
福州新闻调频广播,https://ls.qtfm.cn/live/5025.m3u8
福州交通广播,https://ls.qtfm.cn/live/5026.m3u8
福州左海之声,https://ytcast.radio.cn/83/radios/20955/index_20955.m3u8?type=1&key=729399afa69824f8c8d3aceaaa750102&time=68f8a80a
厦门综合广播,https://live1b.kxm.xmtv.cn/aac_zhgbbf_1b/playlist.m3u8
厦门经济交通广播,https://live1b.kxm.xmtv.cn/aac_xmjjjtbf_1b/playlist.m3u8
厦门音乐广播,https://live1b.kxm.xmtv.cn/aac_xmyybf_1b/playlist.m3u8
厦门闽南之声广播,https://live1b.kxm.xmtv.cn/aac_mnzsbf_1b/playlist.m3u8
厦门旅游广播,https://live1b.kxm.xmtv.cn/aac_xmlybf_1b/playlist.m3u8
漳州广播电台综合频率,https://ls.qtfm.cn/live/1742.m3u8
宁德新闻综合广播,https://ytcast.radio.cn/62/radios/21513/index_21513.m3u8?type=1&key=d16d285a750e6c630d571b90ed08380a&time=68f875c0
广东新闻广播,https://satellitepull.cnr.cn/live/wxgdxwgb/playlist.m3u8
广东音乐之声,https://ytcast.radio.cn/63/radios/20489/index_20489.m3u8?type=1&key=1b9d7fa2a00229364f0b94e427294712&time=68f85744
广东城市之声,https://ytcast.radio.cn/63/radios/20491/index_20491.m3u8?type=1&key=89aa374efa278e32ce7daf44feaa0e02&time=68f8861e
羊城交通广播,https://ytcast.radio.cn/62/radios/20495/index_20495.m3u8?type=1&key=f5ff51658861bd70a2397b8be8e64407&time=68f8a3d7
广东南方生活广播,https://ytcast.radio.cn/62/radios/20494/index_20494.m3u8?type=1&key=02e9316cd355b322dd29815edf7ef157&time=68f886bf
广东南粤之声,https://ytcast.radio.cn/62/radios/20492/index_20492.m3u8?type=1&key=8eb636af39d9ef9c94b05e521a48ebe6&time=68f8a81b
广东珠江经济广播,https://ytcast.radio.cn/62/radios/20493/index_20493.m3u8?type=1&key=deae45cadcbe1954fb73a3f791c1f355&time=68f8782a
广东文体广播,https://ytcast.radio.cn/63/radios/20490/index_20490.m3u8?type=1&key=ce25dfa40986e0e73bbf3ed49f025fa0&time=68f88ba1
广州新闻资讯广播,https://ytcast.radio.cn/71/radios/20728/index_20728.m3u8?type=1&key=2b19612676047daf1d0628d55e8f07fb&time=68f875cd
深圳新闻广播先锋898,https://ls.qtfm.cn/live/1270.m3u8
深圳音乐广播飞扬971,https://satellitepull.cnr.cn/live/wxszfy971/playlist.m3u8
深圳交通广播,https://satellitepull.cnr.cn/live/wxszjjpl/playlist.m3u8
深圳生活广播,https://live.ximalaya.com/radio-first-page-app/live/265/64.m3u8?transcode=ts
东莞新闻综合广播,https://ls.qtfm.cn/live/1276.m3u8
东莞交通广播,https://ytcast.radio.cn/77/radios/21849/index_21849.m3u8?type=1&key=8c7860fadd04e41c6832b9bc204d28f2&time=68f875d0
深圳宝安电台缤纷1043,https://ytcast.radio.cn/89/radios/22331/index_22331.m3u8?type=1&key=2f0c932be4381c5ae807327cf5f9a955&time=68f8a826
佛山电台真爱946,https://radiopull.radiofoshan.com.cn/live/1400820947_BSID_46_audio.m3u8
佛山电台缤纷906,https://radiopull.radiofoshan.com.cn/live/1400820947_BSID_45_audio.m3u8
佛山电台顺德901,https://radiopull.radiofoshan.com.cn/live/1400820947_BSID_44_audio.m3u8
佛山电台千色985,https://radiopull.radiofoshan.com.cn/live/1400820947_BSID_41_audio.m3u8
佛山电台飞跃924,https://radiopull.radiofoshan.com.cn/live/1400820947_BSID_42_audio.m3u8
佛山电台高明台883,https://radiopull.radiofoshan.com.cn/live/1400820947_BSID_43_audio.m3u8
江门新闻综合广播,https://ytcast.radio.cn/72/radios/21987/index_21987.m3u8?type=1&key=6cffaa484c67c7fceab893de40477798&time=68f875d4
江门旅游音乐广播,https://ytcast.radio.cn/72/radios/21986/index_21986.m3u8?type=1&key=7d8a16550e430f81793584a693c72e64&time=68f875d5
鹤山电台,https://ytcast.radio.cn/57/radios/21464/index_21464.m3u8?type=1&key=d7092043a7b5d73d618ae4d6b9cbbda7&time=68f87c4a
开平广播电台飞扬956,https://ls.qtfm.cn/live/5037.m3u8
台山广播电台,https://ls.qtfm.cn/live/5022062.m3u8
珠海电台交通875,https://ytcast.radio.cn/86/radios/21646/index_21646.m3u8?type=1&key=4dd3bc7d267664af9e6de9ef0fb98a90&time=68f88777
珠海资讯广播先锋951,https://ls.qtfm.cn/live/1274.m3u8
潮州综合广播,https://ytcast.radio.cn/79/radios/22194/index_22194.m3u8?type=1&key=92dfacbf88ef0b5a4b56319c584d306b&time=68f87c9f
潮州交通音乐广播,https://ytcast.radio.cn/79/radios/22193/index_22193.m3u8?type=1&key=e873554d90ce85a1d3f2fd73be773dc9&time=68f874e5
潮州戏曲广播,https://ytcast.radio.cn/79/radios/22254/index_22254.m3u8?type=1&key=657885037165677e803de858b24abc02&time=68f88f99
汕头经济广播,https://sttv-tsl.cutv.com/L3y6rt8/14wLfy0.m3u8
清远新闻综合广播,https://ytcast.radio.cn/76/radios/22195/index_22195.m3u8?type=1&key=523b077a5f1c14b00f6e470482063447&time=68f875da
惠州电台阳光100,https://ls.qtfm.cn/live/5016.m3u8
惠州交通广播,https://ls.qtfm.cn/live/5017.m3u8
怀集音乐之声,https://ytcast.radio.cn/81/radios/22518/index_22518.m3u8?type=1&key=e361aadb234f4b5a7ea8fa78f0673210&time=68f87af5
四川新闻广播,http://live-hls.fs.linker.cc/fshs/sc_2ts03_1061.m3u8
四川综合广播,https://ytcast.radio.cn/61/radios/20452/index_20452.m3u8?type=1&key=acbbf8defeaee79670bd78d1f0767e46&time=68f875de
四川经济频率财富广播,http://live-hls.fs.linker.cc/fshs/sc_2ts02_940.m3u8
四川岷江音乐频率,https://ytcast.radio.cn/61/radios/20447/index_20447.m3u8?type=1&key=9d694125ff57a946b3370d857973ccc1&time=68f8a075
四川交通广播,https://ytcast.radio.cn/61/radios/20449/index_20449.m3u8?type=1&key=183c03ba0b57d4081c3c8a607e2fed11&time=68f875e0
四川旅游生活广播,http://scgctvshow.sctv.com/SRTRADIO/live/lvyou/1.m3u8
四川文艺广播,http://scgctvshow.sctv.com/SRTRADIO/live/wenyipl/1.m3u8
四川民族广播,https://ytcast.radio.cn/61/radios/20451/index_20451.m3u8?type=1&key=a3d1528bbeb20e79011caa2bb00e75e9&time=68f875e2
四川城市之音City FM,https://ytcast.radio.cn/61/radios/20450/index_20450.m3u8?type=1&key=4946e5bf88eacd8db50b9c2f832d7d1d&time=68f875e3
四川天府之声,https://ytcast.radio.cn/61/radios/20453/index_20453.m3u8?type=1&key=646a9ac54fde10ee64572bfbb047f6ea&time=68f875e3
成都交通广播,http://livecdn.pull.cdbs.com.cn/live/fm914/playlist.m3u8
成都新闻广播,http://livecdn.pull.cdbs.com.cn/live/fm998/playlist.m3u8
成都经济广播,http://livecdn.pull.cdbs.com.cn/live/fm1056/playlist.m3u8
成都休闲文化广播,http://livecdn.pull.cdbs.com.cn/live/fm946/playlist.m3u8
西昌人民广播电台,https://ytcast.radio.cn/89/radios/22214/index_22214.m3u8?type=1&key=cf667cf98ae6e1017b6d34e9df249baa&time=68f887aa
甘肃新闻综合广播,https://satellitepull.cnr.cn/live/wxgsxwzhgb/playlist.m3u8
甘肃都市调频广播,https://satellitepull.cnr.cn/live/wxgsdstb/playlist.m3u8
甘肃交通广播,https://satellitepull.cnr.cn/live/wxgsjtgb/playlist.m3u8
甘肃农村广播乡村之音,https://ytcast.radio.cn/63/radios/20486/index_20486.m3u8?type=1&key=b036fa2f46f25aca16ed3a7d90f05d0b&time=68f875e9
甘肃经济广播,https://live.ximalaya.com/radio-first-page-app/live/292/64.m3u8?transcode=ts
天水新闻综合广播,https://ytcast.radio.cn/77/radios/21388/index_21388.m3u8?type=1&key=2638e052c941f5cb24087595213f2c24&time=68f875ea
广西新闻综合广播,https://stream.bbrtv.com:10443/hls/sIoyCf1Gg/sIoyCf1Gg_live.m3u8
广西970女主播（经济）,https://stream.bbrtv.com:10443/hls/wrr24LJGR/wrr24LJGR_live.m3u8
广西教育广播（私家车）,https://stream.bbrtv.com:10443/hls/I7LJVL1Gg/I7LJVL1Gg_live.m3u8
广西交通广播,https://stream.bbrtv.com:10443/hls/scGbVLJGR/scGbVLJGR_live.m3u8
广西北部湾之声,https://stream.bbrtv.com:10443/hls/_6ax4Y1MR/_6ax4Y1MR_live.m3u8
梧州交通音乐广播,https://ls.qtfm.cn/live/4599.m3u8
玉林交通音乐广播,https://ytcast.radio.cn/89/radios/22206/index_22206.m3u8?type=1&key=f2c3951de83cccf574fed623a435560b&time=68f8671f
玉林新闻综合广播,https://ls.qtfm.cn/live/1762.m3u8
钦州新闻综合广播,https://ls.qtfm.cn/live/5042.m3u8
钦州城市之声,https://ytcast.radio.cn/77/radios/21372/index_21372.m3u8?type=1&key=3c7e49484278ca3aa71bc876276c169d&time=68f875f0
百色新闻综合广播,https://ls.qtfm.cn/live/15318330.m3u8
百色音乐广播,https://iovliveplay.radio.cn/fm/1600000003741h.m3u8
贺州新闻综合广播,https://ytcast.radio.cn/89/radios/22318/index_22318.m3u8?type=1&key=9b44d4dc7649750e6b414886ed37725b&time=68f875f2
贺州交通音乐广播,https://ytcast.radio.cn/89/radios/22319/index_22319.m3u8?type=1&key=e4d2a15f29427e050c9fad1badef18a6&time=68f875f2
柳州新闻广播,https://ls.qtfm.cn/live/21043.m3u8
柳州交通广播,https://ytcast.radio.cn/75/radios/21083/index_21083.m3u8?type=1&key=e12e79cabdf2c06551de969ae308f008&time=68f875f3
飞扬1059（柳州汽车音乐广播）,https://ls.qtfm.cn/live/20555.m3u8
桂林新闻综合广播,https://ytcast.radio.cn/84/radios/21077/index_21077.m3u8?type=1&key=2e801c30d17843f6f785828f5f6273a6&time=68f875f4
桂林飞扬调频,https://ytcast.radio.cn/84/radios/21080/index_21080.m3u8?type=1&key=bef900f72f141cd6e1bd9bf2f0e67cfc&time=68f875f5
海南新闻广播,https://satellitepull.cnr.cn/live/wxhainxwgb/playlist.m3u8
海南交通广播,https://satellitepull.cnr.cn/live/wxhainjtgb/playlist.m3u8
海南音乐广播,https://satellitepull.cnr.cn/live/wxhainyygb/playlist.m3u8
贵州综合广播,https://qn-live.gzstv.com/icvkuzqj/xinwen.m3u8
贵州交通广播,https://ytcast.radio.cn/78/radios/21700/index_21700.m3u8?type=1&key=0f9b097eb8f4b32390003fba68f140f4&time=68f8a881
贵州都市广播,https://qn-live.gzstv.com/icvkuzqj/dushi.m3u8
贵州音乐广播,https://qn-live.gzstv.com/icvkuzqj/yinyue.m3u8
贵州经济广播,https://qn-live.gzstv.com/icvkuzqj/jingji.m3u8
贵州故事广播,https://qn-live.gzstv.com/icvkuzqj/gushi.m3u8
贵州旅游广播,https://qn-live.gzstv.com/icvkuzqj/lvyou.m3u8
贵阳新闻广播,https://satellitepull.cnr.cn/live/wx32gzwxwzhgb/playlist.m3u8
贵阳交通文艺广播,https://ytcast.radio.cn/69/radios/21286/index_21286.m3u8?type=1&key=582c744dda3dba11ab523c1ac077634c&time=68f875fc
贵阳旅游生活广播,https://ytcast.radio.cn/69/radios/21281/index_21281.m3u8?type=1&key=9e37b283e76c2cea189e6104e310364e&time=68f875fd
黔西南交通旅游广播,https://ytcast.radio.cn/74/radios/21657/index_21657.m3u8?type=1&key=051a6670cd4c3f45c0b7e6daf92b3c02&time=68f875fe
黔东南人民广播电台,https://ls.qtfm.cn/live/5047.m3u8
铜仁新闻综合广播,https://ls.qtfm.cn/live/15318695.m3u8
上海动感101,https://ytcast.radio.cn/64/radios/21311/index_21311.m3u8?type=1&key=ea3989d3fe16a9aa641b3e1699493bd9&time=68f87600
上海第一财经广播,https://ytcast.radio.cn/60/radios/20370/index_20370.m3u8?type=1&key=58c77d396a63a81ed77d60bcbdc835fc&time=68f864e4
湖北之声广播,https://satellitepull.cnr.cn/live/wx32hubzsgb/playlist.m3u8
湖北经典音乐广播,https://satellitepull.cnr.cn/live/wx32hubyygb/playlist.m3u8
湖北经济广播,https://satellitepull.cnr.cn/live/wx32hubjjgb/playlist.m3u8
湖北交通广播,https://satellitepull.cnr.cn/live/wx32hubjtgb/playlist.m3u8
湖北生活广播,https://satellitepull.cnr.cn/live/wx32hubczshgb/playlist.m3u8
武汉新闻广播,https://ytcast.radio.cn/83/radios/21041/index_21041.m3u8?type=1&key=770200c99bff3ef6ce43cfa1c5fc55d6&time=68f87604
武汉长江经济广播,https://ls.qtfm.cn/live/20200.m3u8
武汉音乐广播,https://ytcast.radio.cn/75/radios/21045/index_21045.m3u8?type=1&key=b5c9a1ae499d72f4c42c9982d6f63fb5&time=68f8743c
武汉交通广播,https://ytcast.radio.cn/81/radios/21040/index_21040.m3u8?type=1&key=fb5ed42b8937db699ca9dafb4aa1068c&time=68f87605
黄石新闻广播,https://ytcast.radio.cn/87/radios/21030/index_21030.m3u8?type=1&key=a0b9b60758c4b6909e0a6a42614cceaa&time=68f87606
黄石交通经济广播,https://ls.qtfm.cn/live/3964.m3u8
咸宁新闻广播,https://live.ximalaya.com/radio-first-page-app/live/1138/64.m3u8?transcode=ts
湖北楚天音乐广播,https://satellitepull.cnr.cn/live/wx32hubctyygb/playlist.m3u8
湖北楚天交通广播,https://satellitepull.cnr.cn/live/wx32hubctjtgb/playlist.m3u8
河北新闻广播,https://radio.pull.hebtv.com/live/hebxw.m3u8
河北音乐广播,https://radio.pull.hebtv.com/live/hebyy.m3u8
河北经济广播,https://radio.pull.hebtv.com/live/hebjj.m3u8
河北生活广播,https://radio.pull.hebtv.com/live/hebshzx.m3u8
河北交通广播,https://radio.pull.hebtv.com/live/hebjt.m3u8
河北文艺广播,https://radio.pull.hebtv.com/live/hebwy.m3u8
西藏对外交通广播,https://satellitepull.cnr.cn/live/wxxzdwjtgb/playlist.m3u8
石家庄新闻广播,https://ytcast.radio.cn/81/radios/20770/index_20770.m3u8?type=1&key=690888ba671d71b7efb3bbbb3611e9b5&time=68f87617
石家庄经济广播,https://ytcast.radio.cn/81/radios/20776/index_20776.m3u8?type=1&key=eec52b7fe26d1a0ea52874a69bab68a2&time=68f87618
石家庄音乐广播,https://ytcast.radio.cn/81/radios/20767/index_20767.m3u8?type=1&key=3e0b77947e76c8aecc87fa3cd0d5fff5&time=68f87618
石家庄交通广播,https://ytcast.radio.cn/81/radios/20777/index_20777.m3u8?type=1&key=7b7a56c624c5698e1b46d6adc49286ec&time=68f8904d
石家庄915绿色之声,https://ytcast.radio.cn/82/radios/20762/index_20762.m3u8?type=1&key=977ade00be63e3ab68b60d3af5f7bd7f&time=68f87619
唐山新闻综合广播,https://ls.qtfm.cn/live/1657.m3u8
唐山经济生活广播,https://ls.qtfm.cn/live/15318431.m3u8
唐山交通文艺广播,https://ytcast.radio.cn/87/radios/22133/index_22133.m3u8?type=1&key=22075ca01ea3e75255b53fb2e74993a3&time=68f8761b
唐山音乐广播,https://ytcast.radio.cn/89/radios/22132/index_22132.m3u8?type=1&key=1bc22875e6f52da59479f06820a378a6&time=68f8a8b6
唐山娱乐文化广播,https://ls.qtfm.cn/live/1660.m3u8
廊坊综合广播,https://ytcast.radio.cn/75/radios/21709/index_21709.m3u8?type=1&key=85804149c9e435daaa17ade3d25c5615&time=68f8761c
廊坊戏曲广播,https://ytcast.radio.cn/75/radios/21710/index_21710.m3u8?type=1&key=95db4eb6ec891cfce5501c667a3bfb30&time=68f8761d
邯郸新闻综合广播,https://ytcast.radio.cn/88/radios/20783/index_20783.m3u8?type=1&key=7cd2a6a9463aa93daa1624f8f3fe3490&time=68f8a8ba
邯郸交通广播,https://ytcast.radio.cn/89/radios/20775/index_20775.m3u8?type=1&key=1d200110fbaa985035a5f8fb29c45606&time=68f8761e
秦皇岛新闻广播,https://ytcast.radio.cn/85/radios/21402/index_21402.m3u8?type=1&key=e96fa6d93a74c4726f910fabec28b1cf&time=68f8a8bf
张家口986音乐广播,https://ls.qtfm.cn/live/5021801.m3u8
沧州新闻综合广播,https://ls.qtfm.cn/live/5021901.m3u8
沧州交通音乐广播,https://ytcast.radio.cn/84/radios/20782/index_20782.m3u8?type=1&key=e11151e8b45ba8e75a338ed904a3fc41&time=68f87621
湖南新闻综合广播,https://satellitepull.cnr.cn/live/wx32hunxwgb/playlist.m3u8
湖南经济广播,https://ytcast.radio.cn/79/radios/21056/index_21056.m3u8?type=1&key=e20a810895304d1833fd14a18fc249b6&time=68f8884d
湖南975摩登音乐台,https://ytcast.radio.cn/79/radios/21057/index_21057.m3u8?type=1&key=98776f2262ffab00046eea673bd96ccd&time=68f87622
湖南交通频道,https://ytcast.radio.cn/79/radios/21059/index_21059.m3u8?type=1&key=90e9935be452b9f21309611b6d8ead3e&time=68f88850
湖南汽车音乐电台893,https://ls.qtfm.cn/live/4979.m3u8
湖南潇湘之声,https://satellitepull.cnr.cn/live/wx32hunyygb/playlist.m3u8
永州新闻综合广播,https://ytcast.radio.cn/86/radios/21487/index_21487.m3u8?type=1&key=afb2113fb36832ee5fc77902067b93bc&time=68f87625
郴州综合广播,https://ytcast.radio.cn/69/radios/22248/index_22248.m3u8?type=1&key=4e10fabba90bb415425d7d0ee936e543&time=68f87626
湘西综合广播,https://iovliveplay.radio.cn/fm/1600000003305h.m3u8
长沙城市之声（音乐优电台）,https://ls.qtfm.cn/live/4237.m3u8
长沙品味音乐广播,https://live.ximalaya.com/radio-first-page-app/live/401/64.m3u8?transcode=ts
长沙Big Radio快乐886,https://ls.qtfm.cn/live/20847.m3u8
株洲新闻广播,https://ytcast.radio.cn/84/radios/21049/index_21049.m3u8?type=1&key=55efcdd97b278970b34122cee8c71570&time=68f88868
株洲交通广播,https://ytcast.radio.cn/85/radios/21053/index_21053.m3u8?type=1&key=6834f2f14c3bceeed3aeb1e386f45794&time=68f8762a
邵阳交通广播,https://ls.qtfm.cn/live/20148.m3u8
浏阳交通生活广播,https://live.ximalaya.com/radio-first-page-app/live/1978/64.m3u8?transcode=ts
吉林新闻综合广播,https://satellitepull.cnr.cn/live/wxjlxwzhgb/playlist.m3u8
吉林音乐广播,https://ytcast.radio.cn/87/radios/21800/index_21800.m3u8?type=1&key=7dac309df41c5706075450cb6597ac0b&time=68f8762d
吉林交通广播,https://satellitepull.cnr.cn/live/wxjljtgb/playlist.m3u8
吉林乡村广播,https://satellitepull.cnr.cn/live/wxjlxcgb/playlist.m3u8
吉林健康娱乐广播,https://ytcast.radio.cn/83/radios/20828/index_20828.m3u8?type=1&key=d2f170df4ae11c63edad6aba3062a240&time=68f8762e
吉林故事广播,http://live.jlradio.net/live/fm1033/543210K/tzwj_video.m3u8
吉林教育广播,https://ytcast.radio.cn/85/radios/21272/index_21272.m3u8?type=1&key=a83bfcb53d4bdc173a404a94ba980c51&time=68f86c9c
吉林资讯广播,https://ytcast.radio.cn/83/radios/20829/index_20829.m3u8?type=1&key=e8d7ad121d096a427e556d8f9559c8af&time=68f87630
长春新闻广播,https://ls.qtfm.cn/live/5013.m3u8
长春交通之声,https://ytcast.radio.cn/83/radios/20832/index_20832.m3u8?type=1&key=bf8a502ab62bb51419a5a8cb707ea8e5&time=68f85a96
吉林经济广播,https://satellitepull.cnr.cn/live/wxjljjgb/playlist.m3u8
吉林市综合广播,https://iovliveplay.radio.cn/fm/1600000003715h.m3u8
吉林市广播电台交通台,https://ytcast.radio.cn/84/radios/21799/index_21799.m3u8?type=1&key=6c7b45317ff71b389914a17db8d3880b&time=68f87636
吉林市大众生活广播,https://play.a.l.kaolafm.net/fm/1600000003716h.m3u8
延广交通文艺广播,https://ytcast.radio.cn/76/radios/21189/index_21189.m3u8?type=1&key=c38c2679a80269560cf7b3883b8a10a8&time=68f87637
延边朝鲜语新闻综合广播,https://satellitepull.cnr.cn/live/wxybwyshgb/playlist.m3u8
延吉阿里郎之声朝鲜语广播,https://ls.qtfm.cn/live/5022144.m3u8
松原新闻综合广播,https://ytcast.radio.cn/87/radios/21802/index_21802.m3u8?type=1&key=cf2fe17de7faf8d0db0635070a6259d4&time=68f8763b
松原大众生活广播,https://ytcast.radio.cn/88/radios/21978/index_21978.m3u8?type=1&key=1abb364b4d9755f8a8a0be05fb2278e0&time=68f8763c
白山交通广播,https://ytcast.radio.cn/78/radios/21960/index_21960.m3u8?type=1&key=717dbc0850649a4697b9a6118161875f&time=68f8763c
江西新闻广播,https://live02.jxtvcn.com.cn/live-jxtvcn/jxtv_xwgb.m3u8
江西都市广播,https://live02.jxtvcn.com.cn/live-jxtvcn/jxtv_dsgb.m3u8
江西音乐广播,https://live02.jxtvcn.com.cn/live-jxtvcn/jxtv_yygb.m3u8
江西交通广播,https://live02.jxtvcn.com.cn/live-jxtvcn/jxtv_jtgb.m3u8
江西民生广播,https://live02.jxtvcn.com.cn/live-jxtvcn/jxtv_msgb.m3u8
江西农村广播,https://live02.jxtvcn.com.cn/live-jxtvcn/jxtv_ncgb.m3u8
江西旅游广播,https://live02.jxtvcn.com.cn/live-jxtvcn/jxtv_pyhgb.m3u8
上饶新闻综合广播,https://ytcast.radio.cn/88/radios/22048/index_22048.m3u8?type=1&key=f85ad99b78ede48440260e944ac3c552&time=68f87641
上饶交通音乐广播,https://ytcast2.radio.cn/129/radios/21446/index_21446.m3u8?type=1&key=c8728596469a3b3ad2400152eb48c16c&time=68f890d1
九江柴桑之声,https://live.ximalaya.com/radio-first-page-app/live/630/64.m3u8?transcode=ts
陕西新闻广播,https://satellitepull.cnr.cn/live/wxsxxxwgb/playlist.m3u8
陕西交通广播,https://satellitepull.cnr.cn/live/wxsxxjtgb/playlist.m3u8
陕西音乐广播,https://satellitepull.cnr.cn/live/wxsxxyygb/playlist.m3u8
陕西汽车调频,https://live.ximalaya.com/radio-first-page-app/live/868/64.m3u8?transcode=ts
陕西都市广播,https://satellitepull.cnr.cn/live/wxsxxdsgb/playlist.m3u8
陕西青春广播,https://satellitepull.cnr.cn/live/wxsxxqcgb/playlist.m3u8
陕西农村广播,https://ytcast.radio.cn/70/radios/20564/index_20564.m3u8?type=1&key=6b848d3c1cbc27fc12200788fe07a062&time=68f8a91e
陕西秦腔广播,https://ytcast.radio.cn/82/radios/21291/index_21291.m3u8?type=1&key=6702057c103c653a5c56bdd2a0d405af&time=68f87646
内蒙古新闻综合广播,https://ytcast.radio.cn/70/radios/20576/index_20576.m3u8?type=1&key=606ec15625e7cce0c5b8d2a6dc42a935&time=68f87648
内蒙古交通之声广播,https://satellitepull.cnr.cn/live/wx32nmgjtgb/playlist.m3u8
内蒙古音乐之声,https://satellitepull.cnr.cn/live/wx32nmgyygb/playlist.m3u8
内蒙古经济生活广播,https://satellitepull.cnr.cn/live/wx32nmgjjgb/playlist.m3u8
内蒙古评书曲艺广播,https://satellitepull.cnr.cn/live/wx32nmgpsqy/playlist.m3u8
内蒙古新闻广播,https://satellitepull.cnr.cn/live/wx32nmghyzhxwgb/playlist.m3u8
内蒙古牧区绿野之声,https://satellitepull.cnr.cn/live/wx32nmglyzs/playlist.m3u8
内蒙古蒙古语广播,https://ytcast.radio.cn/70/radios/20575/index_20575.m3u8?type=1&key=980c1ffd5e4a55ea905009c4945e2e5c&time=68f8764c
赤峰汉语综合广播,https://ytcast.radio.cn/75/radios/21308/index_21308.m3u8?type=1&key=43e28e6ade0220409aefc5a01cdbd93d&time=68f8764c
赤峰蒙语广播,https://ls.qtfm.cn/live/1897.m3u8
赤峰农牧民文艺广播,https://ls.qtfm.cn/live/1898.m3u8
赤峰交通广播,https://ytcast.radio.cn/65/radios/20808/index_20808.m3u8?type=1&key=413cd6c3ddbdb55d341894a3657ad59b&time=68f8764e
内蒙包头新闻综合广播,https://live.ximalaya.com/radio-first-page-app/live/1104/64.m3u8?transcode=ts
包头交通广播,https://live.ximalaya.com/radio-first-page-app/live/1111/64.m3u8?transcode=ts
巴彦淖尔交通文艺广播,https://ytcast.radio.cn/69/radios/21989/index_21989.m3u8?type=1&key=bb66bee07a67bd841aaadd9ac9368d74&time=68f8a939
巴彦淖尔新闻综合广播河套之声,https://ytcast.radio.cn/69/radios/21988/index_21988.m3u8?type=1&key=4e330acaa04913e59ddf615ed9895642&time=68f8a93a
呼伦贝尔汉语广播,https://satellitepull.cnr.cn/live/wx32nmghlbehygb/playlist.m3u8
呼伦贝尔蒙语广播,https://ytcast.radio.cn/70/radios/20583/index_20583.m3u8?type=1&key=13e4f93e18ad63e082ad5509b0824458&time=68f87654
呼伦贝尔城市广播,http://live1.hrtonline.cn:1935/live/live109/64K/tzwj_video.m3u8
云南新闻广播,https://gbw.ynradio.com/radio/xwgb.stream/chunklist_w799958803.m3u8
云南经济广播,https://gbw.ynradio.com/radio/jjgb.stream/chunklist_w2140584591.m3u8
云南交通广播,https://gbw.ynradio.com/radio/jtgb.stream/chunklist_w1667745268.m3u8
云南音乐广播,https://gbw.ynradio.com/radio/yygb.stream/chunklist_w252277570.m3u8
云南国际广播,https://gbw.ynradio.com/radio/gjgb.stream/chunklist_w523289393.m3u8
云南教育广播,https://gbw.ynradio.com/radio/jygb.stream/chunklist_w1266812293.m3u8
云南民族广播,https://gbw.ynradio.com/radio/mzgb.stream/chunklist_w1031848125.m3u8
云南旅游广播,https://gbw.ynradio.com/radio/fm99.stream/chunklist_w1894207130.m3u8
昆明新闻综合广播,https://ytcast.radio.cn/76/radios/22309/index_22309.m3u8?type=1&key=f5535b3a1dd123b4d9a0c0e1f17700c9&time=68f8765a
昆明都市调频,https://ytcast.radio.cn/86/radios/22310/index_22310.m3u8?type=1&key=bc7125b0d0701902a8fde70ba42fde0e&time=68f8765b
昆明汽车音乐广播,https://ytcast.radio.cn/76/radios/22312/index_22312.m3u8?type=1&key=fc3d075f523010004267be5ab233dc91&time=68f8765b
昆明 New FM 102.8,https://ytcast.radio.cn/76/radios/22311/index_22311.m3u8?type=1&key=219d603f894d0031e8e922e39bc7a6b4&time=68f8765c
西双版纳民语广播,https://ytcast.radio.cn/90/radios/22029/index_22029.m3u8?type=1&key=1aad41aa8f2aeee7f7407a074b750b14&time=68f8765d
楚雄新闻广播,http://live.cxgb.net:1935/live/live102/64K/tzwj_video.m3u8
楚雄音乐广播,http://live.cxgb.net:1935/live/live101/64K/tzwj_video.m3u8
宁夏新闻广播,https://satellitepull.cnr.cn/live/wxnxxwgb/playlist.m3u8
宁夏都市广播,https://cnlive.cnr.cn/hls/nxdsgb.m3u8
宁夏交通广播,https://ytcast.radio.cn/59/radios/21152/index_21152.m3u8?type=1&key=eaec16b893e6f40f4f915e76d88ce30a&time=68f87660
宁夏经济广播,https://ytcast.radio.cn/59/radios/22244/index_22244.m3u8?type=1&key=99e4f3dd6778bc62edc3758fb16b6744&time=68f8a957
西藏藏语新闻综合广播,https://ytcast.radio.cn/71/radios/20627/index_20627.m3u8?type=1&key=a1e6c350928122de802a0ac5af2eb34f&time=68f87468
西藏汉语新闻广播,https://satellitepull.cnr.cn/live/wxxzhygb/playlist.m3u8
西藏都市生活广播,https://satellitepull.cnr.cn/live/wxxzdsshgb/playlist.m3u8
西藏康巴广播,https://satellitepull.cnr.cn/live/wxxzzykbfy/playlist.m3u8
新疆新闻广播,https://satellitepull.cnr.cn/live/wxxjxwgb/playlist.m3u8
新疆汉语新闻广播,https://liveplay.xjbs.com.cn/liveback/xjbs-03.m3u8
新疆维吾尔语综合广播,https://satellitepull.cnr.cn/live/wxxjwyzhgb/playlist.m3u8
新疆哈萨克语广播,https://satellitepull.cnr.cn/live/wxxjhygb/playlist.m3u8
新疆交通广播,https://ytcast.radio.cn/71/radios/20623/index_20623.m3u8?type=1&key=a889bf03de81defd0db56ff4352a237a&time=68f88924
新疆故事广播,https://ytcast.radio.cn/64/radios/21156/index_21156.m3u8?type=1&key=9176eae8be7e2d27b08bfb0599581b49&time=68f87666
新疆维语交通文艺广播,https://satellitepull.cnr.cn/live/wxxjwyjtwygb/playlist.m3u8
新疆城市广播,https://live.ximalaya.com/radio-first-page-app/live/988/64.m3u8?transcode=ts
新疆音乐广播,https://liveplay.xjbs.com.cn/liveback/xjbs-06.m3u8
乌鲁木齐新闻广播,https://ytcast.radio.cn/78/radios/22299/index_22299.m3u8?type=1&key=adc84f151c79c14243e1a3213611dada&time=68f87668
乌鲁木齐交通广播,https://ytcast.radio.cn/78/radios/22298/index_22298.m3u8?type=1&key=78065f67fe4115e6a7db2d6b38131b21&time=68f87668
乌鲁木齐旅游音乐广播,https://ytcast.radio.cn/78/radios/22300/index_22300.m3u8?type=1&key=5dba1fa493c0ec2e08a0b7086981dcb1&time=68f87669
乌鲁木齐维语综合广播,https://ytcast.radio.cn/78/radios/22301/index_22301.m3u8?type=1&key=a0d86935788aabd779db9cbab46f8a46&time=68f8766b
克拉玛依汉语综合广播,https://ytcast.radio.cn/57/radios/22032/index_22032.m3u8?type=1&key=164beefcac69fa3131355dddbad17575&time=68f89154
克拉玛依音乐广播,https://ytcast.radio.cn/57/radios/22033/index_22033.m3u8?type=1&key=fd37a3d789cb9fe6c51a421109f4a148&time=68f8766c
伊犁汉语综合广播,https://ytcast.radio.cn/78/radios/21880/index_21880.m3u8?type=1&key=9fa064e94885ddf378165a81beee7889&time=68f8766c
伊犁交通音乐广播,https://ytcast.radio.cn/74/radios/21954/index_21954.m3u8?type=1&key=cac1ed62715ce59773218e6be051a620&time=68f8766d
伊犁维语综合广播,https://ytcast.radio.cn/78/radios/21884/index_21884.m3u8?type=1&key=cfe1f0218747ce5a05858033fb214920&time=68f8766d
伊犁哈萨克语综合广播,https://ytcast.radio.cn/78/radios/21885/index_21885.m3u8?type=1&key=25a1bd33822d375688b03da2889d378c&time=68f8766e
伊犁经济广播,http://sk.cri.cn/887.m3u8
黑龙江新闻广播,https://stream3.hljtv.com/hljrdxw/playlist.m3u8
黑龙江生活广播,https://stream3.hljtv.com/hljrdsh/playlist.m3u8
黑龙江交通广播,https://stream3.hljtv.com/hljrdjt/playlist.m3u8
黑龙江都市女性广播,https://stream3.hljtv.com/hljrdnx/playlist.m3u8
黑龙江音乐广播,https://stream3.hljtv.com/hljrdyy/playlist.m3u8
黑龙江爱家广播,https://stream3.hljtv.com/hljrd97/playlist.m3u8
黑龙江乡村广播,https://satellitepull.cnr.cn/live/wx32hljxcgb/playlist.m3u8
黑龙江高校广播,https://stream3.hljtv.com/hljrdgx/playlist.m3u8
大庆综合广播,https://ytcast.radio.cn/75/radios/12467/index_12467.m3u8?type=1&key=9c57bede66e59973543acd3f655b01a6&time=68f8a983
大庆交通广播,https://ytcast.radio.cn/74/radios/12466/index_12466.m3u8?type=1&key=e49c23fd96a6beefe7dd92bc734c8d17&time=68f87674
大庆音乐广播,https://ytcast.radio.cn/74/radios/12465/index_12465.m3u8?type=1&key=9ccdc6c65573d84da9f6efa25254303f&time=68f87675
黑河广播电台,https://live.ximalaya.com/radio-first-page-app/live/2139/64.m3u8?transcode=ts
哈尔滨交通广播,https://ytcast.radio.cn/73/radios/20840/index_20840.m3u8?type=1&key=c8edbe13a9f2f5a0c6cdde3607eff677&time=68f881fd
浙江之声,https://ali-m-l.cztv.com/channels/lantian/fm88/128k.m3u8
浙江民生广播,https://ali-m-l.cztv.com/channels/lantian/fm996/128k.m3u8
浙江音乐广播,https://ytcast.radio.cn/62/radios/20928/index_20928.m3u8?type=1&key=65619082e14af9ff3ab85aef50f7a773&time=68f86685
浙江城市之声,https://ali-m-l.cztv.com/channels/lantian/fm107/128k.m3u8
浙江旅游之声（女主播）,https://ali-m-l.cztv.com/channels/lantian/fm1045/128k.m3u8
浙江交通之声,https://ali-m-l.cztv.com/channels/lantian/fm93/128k.m3u8
宁波新闻广播,https://ls.qtfm.cn/live/1138.m3u8
宁波经济广播,https://ytcast.radio.cn/62/radios/20931/index_20931.m3u8?type=1&key=f8389d22a9e66ec2064c35ee00f1b569&time=68f8767c
宁波交通广播,https://ytcast.radio.cn/65/radios/20918/index_20918.m3u8?type=1&key=5561304fcb41dfd656257c2149ebd6e5&time=68f887b9
宁波音乐广播私家车986,https://ls.qtfm.cn/live/1142.m3u8
宁波阳光调频,https://ls.qtfm.cn/live/5022190.m3u8
温州新闻综合广播,https://ytcast.radio.cn/86/radios/20919/index_20919.m3u8?type=1&key=3b4a31d57716ab3dbafd09d589e14cf3&time=68f8767f
温州经济生活广播,https://ytcast.radio.cn/86/radios/20909/index_20909.m3u8?type=1&key=09f008ad7a232e3716ee129aff4287d4&time=68f8a9a0
温州交通广播,https://ytcast.radio.cn/86/radios/20920/index_20920.m3u8?type=1&key=097c2e003c1d98aab572c77df19418bd&time=68f87680
温州音乐之声,https://ls.qtfm.cn/live/1149.m3u8
萧山人民广播电台,https://ytcast.radio.cn/55/radios/21714/index_21714.m3u8?type=1&key=9ba1eeb969e4c0fadc8a3722f05603b6&time=68f8a9a5
金华之声新闻广播,https://ls.qtfm.cn/live/1137.m3u8
金华交通广播,https://ls.qtfm.cn/live/20162.m3u8
舟山新闻综合广播,https://iovliveplay.radio.cn/fm/1600000003649h.m3u8
舟山交通经济广播,https://iovliveplay.radio.cn/fm/1600000003650h.m3u8
温岭人民广播电台1036,https://ls.qtfm.cn/live/4567.m3u8
湖州之声新闻广播,https://ls.qtfm.cn/live/2810.m3u8
湖州交通经济广播,https://ls.qtfm.cn/live/2812.m3u8
浙江瑞安人民广播电台,https://ls.qtfm.cn/live/1143.m3u8
浙江玉环广播电台,https://live.ximalaya.com/radio-first-page-app/live/700/64.m3u8?transcode=ts
嘉兴新闻综合广播,https://live.ximalaya.com/radio-first-page-app/live/650/64.m3u8?transcode=ts
嘉兴交通经济广播,https://live.ximalaya.com/radio-first-page-app/live/640/64.m3u8?transcode=ts
嘉兴音乐广播,https://ytcast.radio.cn/84/radios/20929/index_20929.m3u8?type=1&key=99c73a0d669f41c89c19220b77f6980f&time=68f8a9b7
兰溪广播电台兰江之声,https://live.ximalaya.com/radio-first-page-app/live/1674/64.m3u8?transcode=ts
浙江乐清人民广播电台,http://1011.hlsplay.aodianyun.com/mobile/radio_channel_404_copy.m3u8
绍兴之声新闻广播,http://stream.sxtv.com.cn/zhgb/sd/live.m3u8
绍兴交通广播,http://stream.sxtv.com.cn/jtgb/sd/live.m3u8
绍兴音乐广播,http://stream.sxtv.com.cn/xqgb/sd/live.m3u8
江苏新闻综合广播,https://lzlive.vojs.cn/rTyLc36/92/live.m3u8
江苏新闻广播,https://lzlive.vojs.cn/5Fo8mMX/92/live.m3u8
江苏交通广播,https://lzlive.vojs.cn/4TaHTeL/92/live.m3u8
江苏音乐广播 FM89.7,https://lzlive.vojs.cn/jAmO6Ng/92/live.m3u8
江苏经典流行音乐广播,https://lzlive.vojs.cn/2wtSfrS/92/live.m3u8
江苏健康广播,https://lzlive.vojs.cn/EWpb5Ov/92/live.m3u8
江苏故事广播,https://lzlive.vojs.cn/rWjyus9/92/live.m3u8
江苏文艺广播,http://lzlive.vojs.cn/pL6NkZo/92/live.m3u8
南京新闻广播,http://hls.njgb.com/live_hls/1/playlist.m3u8
南京经济广播,http://hls.njgb.com/live_hls/5/playlist.m3u8
南京音乐广播,https://ytcast.radio.cn/81/radios/21426/index_21426.m3u8?type=1&key=6f7ec5070ae437c98f95d74be5cbdb80&time=68f889be
南京体育广播,http://hls.njgb.com/live_hls/3/playlist.m3u8
南京交通广播,http://hls.njgb.com/live_hls/2/playlist.m3u8
南京城市管理广播,https://ytcast.radio.cn/64/radios/20426/index_20426.m3u8?type=1&key=216313be58e8f764a9bc0d1eaaccbf8c&time=68f8726b
无锡新闻广播,https://ytcast.radio.cn/80/radios/20705/index_20705.m3u8?type=1&key=6f243d16e675ac2beb5d791538820d98&time=68f87697
无锡交通广播,https://ytcast.radio.cn/80/radios/21439/index_21439.m3u8?type=1&key=b526f36d4c5cbdb8871d1f0ffbcebb53&time=68f8565d
无锡经济广播,https://ytcast.radio.cn/80/radios/21438/index_21438.m3u8?type=1&key=77c2ba8aacf7573fc4323f6f8b5c2f1a&time=68f8567d
无锡音乐广播,https://ytcast.radio.cn/80/radios/21442/index_21442.m3u8?type=1&key=f85160a295bbe22316711909b3b73beb&time=68f8659e
无锡梁溪之声,https://ytcast.radio.cn/80/radios/21440/index_21440.m3u8?type=1&key=448878cc1ad2a74e2e5b78be7bed067e&time=68f87699
无锡都市生活广播,https://ytcast.radio.cn/80/radios/21441/index_21441.m3u8?type=1&key=cd062df2b1dd5f17c1452637839a76b0&time=68f889d3
扬州新闻广播,https://ytcast.radio.cn/55/radios/22264/index_22264.m3u8?type=1&key=d057eddb6fa13e67d5137104e19dab81&time=68f8769b
扬州交通广播,https://ytcast.radio.cn/60/radios/22530/index_22530.m3u8?type=1&key=e21186b9ff6531937a6a09ae7059456e&time=68f8769c
常熟新闻广播,https://ytcast.radio.cn/64/radios/21472/index_21472.m3u8?type=1&key=d7b805c2ba6610a54dd270fa9298e189&time=68f8769d
盐城新闻广播,https://ytcast.radio.cn/80/radios/20888/index_20888.m3u8?type=1&key=ec74d406f0b5f3754d7be35c71a13896&time=68f8769f
盐城交通广播,https://ytcast.radio.cn/71/radios/20863/index_20863.m3u8?type=1&key=1972451d06b4f6b47eb07748fbbd5eb5&time=68f876a0
常州新闻综合广播,https://ytcast.radio.cn/78/radios/21608/index_21608.m3u8?type=1&key=0999d02402ca3e2a7e0889b866184d5e&time=68f876a1
常州经济广播,https://ytcast.radio.cn/78/radios/21609/index_21609.m3u8?type=1&key=990dacae858009c80ea7ff2e45db54c0&time=68f8a9f0
常州交通广播,https://ytcast.radio.cn/78/radios/21607/index_21607.m3u8?type=1&key=f66afc912f7ee77db27687f29db6f506&time=68f876a4
常州音乐广播,https://ytcast.radio.cn/78/radios/21610/index_21610.m3u8?type=1&key=a0054d604c15d8c126c2579a7700a6b5&time=68f8a9f4
金坛人民广播电台,https://ls.qtfm.cn/live/20500073.m3u8
苏州新闻广播,https://ytcast.radio.cn/71/radios/20694/index_20694.m3u8?type=1&key=240b1800703eb5f60b5beda8b9814fb0&time=68f876a7
苏州音乐广播,https://ytcast.radio.cn/70/radios/20697/index_20697.m3u8?type=1&key=14a444ff5dae967424b5ca8b1d21df62&time=68f876a7
苏州交通广播,https://ytcast.radio.cn/70/radios/20698/index_20698.m3u8?type=1&key=23895ab3eea1447243b945e5b62efb18&time=68f85958
苏州生活广播,https://ytcast.radio.cn/70/radios/20696/index_20696.m3u8?type=1&key=85e321a178cd327ccfddd8a90616c2ee&time=68f876a8
泰州新闻综合广播,https://ytcast.radio.cn/86/radios/20885/index_20885.m3u8?type=1&key=4d794163f8b640ed9fd9bf24b64fc4f9&time=68f8a9fc
泰州文艺广播,https://iovliveplay.radio.cn/fm/1600000001440h.m3u8
泰州交通广播,https://ytcast.radio.cn/86/radios/20865/index_20865.m3u8?type=1&key=558945493be63f7191f6be35602232f8&time=68f876ab
徐州新闻广播,https://ls.qtfm.cn/live/4922.m3u8
徐州交通广播,https://ytcast.radio.cn/73/radios/20878/index_20878.m3u8?type=1&key=5798407af37e54ea8862f51ec225dd56&time=68f876ac
淮安新闻综合广播,https://ytcast.radio.cn/76/radios/21725/index_21725.m3u8?type=1&key=05f456dc25c4d176a2fb7145cd9a55c0&time=68f88a0e
淮安交通文艺广播,https://ytcast.radio.cn/76/radios/21726/index_21726.m3u8?type=1&key=02eee3d3a5cea768143de93ee36443b9&time=68f88a10
淮安经济生活广播,https://ytcast.radio.cn/76/radios/21727/index_21727.m3u8?type=1&key=d59204b30655713e806c28f3352bf4a8&time=68f88a11
吴江交通音乐广播,https://live.ximalaya.com/radio-first-page-app/live/1342/64.m3u8?transcode=ts
如东新闻综合广播,https://ytcast.radio.cn/86/radios/21506/index_21506.m3u8?type=1&key=b076e0125f8de52ff79a3034c9972c9c&time=68f88a18
沈阳新闻广播,http://lms.csytv.com/Live/118/live/livestream.m3u8
沈阳生活广播,https://ytcast.radio.cn/84/radios/20821/index_20821.m3u8?type=1&key=954babc4ec02c5923a5947e18b6e6f36&time=68f88a1c
沈阳经济广播,http://lms.csytv.com/Live/119/live/livestream.m3u8
大连综合广播,https://ytcast.radio.cn/77/radios/20818/index_20818.m3u8?type=1&key=89e5bd02e681e891ed4c0456218509ef&time=68f89d2c
大连1043电台,https://live.ximalaya.com/radio-first-page-app/live/2707/64.m3u8?transcode=ts
大连体育广播,https://ytcast.radio.cn/84/radios/20820/index_20820.m3u8?type=1&key=7f41b4425c1d6e370d246e853a57a0d7&time=68f87362
大连财经广播,https://ls.qtfm.cn/live/1088.m3u8
大连少儿广播,http://live.dltv.cn/PYjk7SQ/100/e3pPnj0.m3u8
大连交通广播,https://ytcast.radio.cn/77/radios/22233/index_22233.m3u8?type=1&key=bb002d8f3194f5932630eab37b97e5de&time=68f87a93
大连都市广播,https://ytcast.radio.cn/64/radios/21267/index_21267.m3u8?type=1&key=d3fc4aefb9f2120e94cee1382ec7c500&time=68f89245
抚顺新闻广播,https://ytcast.radio.cn/87/radios/20814/index_20814.m3u8?type=1&key=9bf9df0c9fefdb8c751cfa97f9b04500&time=68f88a2c
抚顺音乐广播,https://live.ximalaya.com/radio-first-page-app/live/341/64.m3u8?transcode=ts
广东梅州交通广播,https://ls.qtfm.cn/live/1258.m3u8
丹东新闻广播,https://ls.qtfm.cn/live/1090.m3u8
丹东交通广播,https://ytcast.radio.cn/77/radios/20817/index_20817.m3u8?type=1&key=bc519cfb2315c8dc1ffae4e88e67998c&time=68f88a32
盘锦新闻综合广播,https://live.ximalaya.com/radio-first-page-app/live/348/64.m3u8?transcode=ts
盘锦经济生活广播,https://ytcast.radio.cn/57/radios/22252/index_22252.m3u8?type=1&key=e8956f26ef195f82ebeec6b4a27648f3&time=68f871e9
盘锦交通文艺广播,https://ytcast.radio.cn/74/radios/22253/index_22253.m3u8?type=1&key=6cc17202366e8fa4a90b2e7ff79c4216&time=68f873f8
营口交通文艺广播,https://ytcast.radio.cn/73/radios/22548/index_22548.m3u8?type=1&key=5440ee72b5a7123e7b8bc283ab447e34&time=68f88a3f
山西新闻综合广播,https://ls.qtfm.cn/live/20491.m3u8
山西经济广播,https://ytcast.radio.cn/71/radios/20634/index_20634.m3u8?type=1&key=658ae6aa3f56f9f751d8ffb868c9e583&time=68f88a44
山西音乐广播,https://ytcast.radio.cn/71/radios/20637/index_20637.m3u8?type=1&key=bf07b5ac316ead4ba8f95165fc02f711&time=68f88a46
山西交通广播,https://ytcast.radio.cn/71/radios/20633/index_20633.m3u8?type=1&key=a6cf4feb242f933f0e69c0bf8ff9f6f8&time=68f88a47
山西农村广播,https://ytcast.radio.cn/71/radios/20635/index_20635.m3u8?type=1&key=a22aedb1615fd90fe629b14a86919801&time=68f88a49
山西文艺广播,https://ytcast.radio.cn/71/radios/20636/index_20636.m3u8?type=1&key=f6f10beb72fc31d390d7ef42c395e0b8&time=68f8aa2e
山西健康广播,https://ytcast.radio.cn/78/radios/20796/index_20796.m3u8?type=1&key=6d07fdaf72d29bdabd0a8f1cc01de7d5&time=68f88a4c
太原交通广播,https://ytcast.radio.cn/72/radios/20797/index_20797.m3u8?type=1&key=d7bb8e0f47ebaf171f754274df40b729&time=68f8627b
吕梁新闻综合广播,https://ls.qtfm.cn/live/4020.m3u8
吕梁交通广播,https://ytcast.radio.cn/82/radios/20795/index_20795.m3u8?type=1&key=49f21f586b75da47a93b5fbcc47fa7a2&time=68f8926e
河南音乐广播,https://stream.hndt.com/live/yinyue/playlist.m3u8
河南交通广播,https://stream.hndt.com/live/jiaotong/playlist.m3u8
河南影视广播 MyRadio,https://stream.hndt.com/live/yingshi/playlist.m3u8
河南教育广播,https://stream.hndt.com/live/jiaoyu/playlist.m3u8
郑州新闻广播,https://ytcast.radio.cn/65/radios/20716/index_20716.m3u8?type=1&key=1d4706e0fa13c6a9e7127103ea0e05d6&time=68f8aa37
郑州经济广播,https://ytcast.radio.cn/76/radios/21241/index_21241.m3u8?type=1&key=b6d024279d8b383afb47359aaa9a3d56&time=68f88a5b
郑州都市交通广播,https://ls.qtfm.cn/live/1211.m3u8
郑州故事广播,http://qgzb.cnr.cn/live/zzgsjdgb/playlist.m3u8
郑州音乐广播,https://ytcast.radio.cn/65/radios/20717/index_20717.m3u8?type=1&key=be117867f97375aaaefa71ff897b99f5&time=68f88a64
南阳新闻广播,https://ytcast.radio.cn/84/radios/21168/index_21168.m3u8?type=1&key=52559e72bbe4af8e035d089b61cc8997&time=68f87270
南阳交通广播,https://ytcast.radio.cn/77/radios/21408/index_21408.m3u8?type=1&key=f7bdad9c629af08e23ce5af33745d375&time=68f88a69
商丘交通广播,https://live.ximalaya.com/radio-first-page-app/live/1261/64.m3u8?transcode=ts
洛阳新闻广播,http://live1.lytv.com.cn:1935/live/FM881/playlist.m3u8
洛阳交通广播,https://ytcast.radio.cn/75/radios/21704/index_21704.m3u8?type=1&key=78733b14fcb7de80d53733292bbb339e&time=68f88a70
洛阳经济广播,http://live1.lytv.com.cn:1935/live/FM1065/playlist.m3u8
周口交通广播,https://ytcast.radio.cn/89/radios/21015/index_21015.m3u8?type=1&key=372a0538b547261f5c8724d8e064eaf8&time=68f88a75
新乡交通广播,https://ytcast.radio.cn/65/radios/21020/index_21020.m3u8?type=1&key=efa27f030ba0297d6b57a59af6bbe842&time=68f86a55
济南新闻广播,https://ytcast.radio.cn/81/radios/20718/index_20718.m3u8?type=1&key=5dc46eda109961f304ae319b84e06135&time=68f88a7c
济南文艺广播,https://ls.qtfm.cn/live/1670.m3u8
济南经济广播,https://ytcast.radio.cn/81/radios/20719/index_20719.m3u8?type=1&key=838a66c314c5abb6dfcfa61bc9ab0d6c&time=68f86f95
济南音乐广播,https://ytcast.radio.cn/81/radios/21695/index_21695.m3u8?type=1&key=a9568ce402a275ea9364c8b1b77b320c&time=68f88a82
济南故事广播,https://ytcast.radio.cn/81/radios/21693/index_21693.m3u8?type=1&key=eae28c6a7c863c9697824c214f895c3d&time=68f88a84
烟台综合广播,https://ytcast.radio.cn/74/radios/21376/index_21376.m3u8?type=1&key=837f0a59220d303ecb5a857053e629a8&time=68f88a85
烟台经济广播,https://ls.qtfm.cn/live/1683.m3u8
烟台交通广播,https://ytcast.radio.cn/59/radios/21378/index_21378.m3u8?type=1&key=67fb222c83fe05eef5eaedfbd30d4214&time=68f892ac
烟台音乐广播,https://ytcast.radio.cn/77/radios/21377/index_21377.m3u8?type=1&key=e8642e6708ca91a8b6d5c4ee801db140&time=68f8aa5d
青岛新闻广播,https://hlspull.qtv.com.cn/gwepn2sr/channel/7db3153ab20aad73e3bab1e46bf79926/index.m3u8
青岛经济广播,https://hlspull.qtv.com.cn/gwepn2sr/channel/68ab5bd0460e095fe21a3df165b0ea00/index.m3u8
青岛故事广播,https://hlspull.qtv.com.cn/gwepn2sr/channel/b6a6a8083138c43e71b068cf2eb2bb84/index.m3u8
青岛交通广播,https://hlspull.qtv.com.cn/gwepn2sr/channel/d06210a9a067aba9de0add8c51e13aad/index.m3u8
青岛音乐体育广播,https://ytcast.radio.cn/78/radios/21005/index_21005.m3u8?type=1&key=35cad123db3777eb2953e29e386042ce&time=68f892b7
青岛文艺广播,https://hlspull.qtv.com.cn/gwepn2sr/channel/4979ca520e89c36e8d6aa0d0a043e185/index.m3u8
淄博新闻广播,https://ls.qtfm.cn/live/1678.m3u8
淄博私家车广播,https://ytcast.radio.cn/64/radios/21396/index_21396.m3u8?type=1&key=6b594f470b9288cd00f109a456dad5a3&time=68f872a3
淄博交通文艺广播,https://ls.qtfm.cn/live/1680.m3u8
临沂新闻广播,https://ytcast.radio.cn/82/radios/21004/index_21004.m3u8?type=1&key=237e3e4a8f9aaa4c06cac43799389032&time=68f88670
临沂私家车广播,https://ytcast.radio.cn/83/radios/20997/index_20997.m3u8?type=1&key=b25634c3c14bf3468fb467736fa04ba5&time=68f88a9e
临沂音乐广播,https://ytcast.radio.cn/83/radios/20996/index_20996.m3u8?type=1&key=66f83a363b057d817d6aada4b080dbc8&time=68f88aa0
临沂都市101经济广播,https://ls.qtfm.cn/live/3995.m3u8
潍坊新闻广播,https://ytcast.radio.cn/82/radios/22017/index_22017.m3u8?type=1&key=1efd630517b4fdccba5e610e2988f862&time=68f88aa5
潍坊933私家车广播,https://ytcast.radio.cn/82/radios/21979/index_21979.m3u8?type=1&key=6fb9d4c89e756ac4f07950601df4d7cc&time=68f88aa7
潍坊音乐广播,https://ytcast.radio.cn/87/radios/21773/index_21773.m3u8?type=1&key=22e10aba51c58112e317c37fe3bb4711&time=68f873b8
济宁新闻广播,https://ls.qtfm.cn/live/4901.m3u8
济宁交通广播,https://ls.qtfm.cn/live/20087.m3u8
枣庄新闻综合广播,https://ytcast.radio.cn/70/radios/20999/index_20999.m3u8?type=1&key=6b4f3d2ae2a6cab1a1f6c53ab0e6ad98&time=68f87098
枣庄生活娱乐广播,https://ytcast.radio.cn/70/radios/20986/index_20986.m3u8?type=1&key=67ccf92c4899fcff2d302df6baf7a645&time=68f86a7f
枣庄交通文艺广播,https://ytcast.radio.cn/70/radios/21001/index_21001.m3u8?type=1&key=0255c2f53c663bb3650dd070f969a2a4&time=68f8aa7d
枣庄音乐广播,https://live.ximalaya.com/radio-first-page-app/live/1290/64.m3u8?transcode=ts
滨州交通音乐广播,https://live.ximalaya.com/radio-first-page-app/live/840/64.m3u8?transcode=ts
德州新闻综合广播,https://ytcast.radio.cn/85/radios/21236/index_21236.m3u8?type=1&key=57142ffad9bb7a7882daef979c53ce09&time=68f88abf
德州文艺广播,https://ytcast.radio.cn/57/radios/22315/index_22315.m3u8?type=1&key=478be907101cba9c2a5c20ba0ef03702&time=68f88ac0
德州交通音乐广播,https://live.ximalaya.com/radio-first-page-app/live/856/64.m3u8?transcode=ts
东营交通音乐广播,https://ytcast.radio.cn/74/radios/20992/index_20992.m3u8?type=1&key=811172a5996730f7cb32b6a64d9dd6db&time=68f88acb
青海新闻综合广播,http://stream2.qhbtv.com/xwzh/sd/live.m3u8
青海交通音乐广播,http://stream2.qhbtv.com/jtyy/playlist.m3u8
青海经济广播,http://stream2.qhbtv.com/jjgb/sd/live.m3u8
青海藏语广播,http://stream2.qhbtv.com/zygb/sd/live.m3u8
香港电台第六台：香港之声,https://rthkradiocnrhk-live.akamaized.net/hls/live/2046111/radiocnrhk/master.m3u8
年代965,https://ls.qtfm.cn/live/5022038.m3u8
CRI 轻松调频广播,https://sk.cri.cn/915.m3u8
CRI HitFM,https://sk.cri.cn/887.m3u8
梅州综合广播,https://ytcast.radio.cn/75/radios/21063/index_21063.m3u8?type=1&key=d4452fbffa413b67eaab26b106880c78&time=68f865ed
CRI 环球资讯广播,https://sk.cri.cn/905.m3u8
CGTN Radio,https://sk.cri.cn/am846.m3u8
经典音乐广播,https://ytcast2.radio.cn/110/radios/40642/index_40642.m3u8?type=1&key=f3534d0f44de4b0fdfa8a8c8964bc810&time=68f8a8ae
中国交通广播,https://ytcast2.radio.cn/110/radios/40653/index_40653.m3u8?type=1&key=2a8cea7b95feeaef1b7f57e149eae192&time=68f8a8ae
香港之声,https://ytcast2.radio.cn/110/radios/40646/index_40646.m3u8?type=1&key=5f37852b6af240eefc5b6e8831de8140&time=68f8a8ae
中央台藏语广播,https://ytcast2.radio.cn/110/radios/40650/index_40650.m3u8?type=1&key=8091a142877aa03ccee973bcfe095377&time=68f8a8ae
中央台维语广播,https://ytcast2.radio.cn/110/radios/40651/index_40651.m3u8?type=1&key=b1a6bcba9a598ef94aaf3d75673d63e9&time=68f8a8ae
辽宁之声新闻综合广播,https://ytcast.radio.cn/61/radios/20440/index_20440.m3u8?type=1&key=af8dc89dde5107833868dba985ab9ddf&time=68f87153
辽宁交通广播,https://ytcast.radio.cn/61/radios/20444/index_20444.m3u8?type=1&key=48a360d65ca66840ecbfc4e7a47dfd12&time=68f88b18
辽宁经济广播,https://satellitepull.cnr.cn/live/wxlnjjtb/playlist.m3u8
辽宁文艺广播,https://satellitepull.cnr.cn/live/wxlnwygb/playlist.m3u8
辽宁乡村广播,https://satellitepull.cnr.cn/live/wxlnxcgb/playlist.m3u8
广西港金曲1019电台,https://ls.qtfm.cn/live/20697.m3u8
广西音乐广播（文艺）,https://stream.bbrtv.com:10443/hls/rCjJ4Y1MR/rCjJ4Y1MR_live.m3u8
江西财经广播,https://live02.jxtvcn.com.cn/live-jxtvcn/jxtv_cg992.m3u8
南昌新闻广播,https://ytcast.radio.cn/84/radios/20969/index_20969.m3u8?type=1&key=f08817f9a3b73792bef5f5d845cb40e1&time=68f8aacf
南昌经济生活广播,https://iovliveplay.radio.cn/fm/1600000003648h.m3u8
南昌交通广播,https://ytcast.radio.cn/84/radios/20975/index_20975.m3u8?type=1&key=d13ff5904bbc365bb0c1e6748bccdc3c&time=68f88b2b
赣州新闻广播,https://ytcast.radio.cn/55/radios/20972/index_20972.m3u8?type=1&key=ab0cdd76fad342dfa7a8e91f0f13c1eb&time=68f88b2d
赣州交通广播,https://ytcast.radio.cn/57/radios/20973/index_20973.m3u8?type=1&key=ce5a2679a7effa878cdbabcd82701074&time=68f88b30
哈尔滨音乐广播,https://ytcast.radio.cn/73/radios/20835/index_20835.m3u8?type=1&key=3e7a32b89b530dda4f4d090958310583&time=68f87160
呼和浩特新闻综合广播,https://ytcast.radio.cn/85/radios/21303/index_21303.m3u8?type=1&key=9205f0dca440b06f4f5b161f3e474467&time=68f8aadd
AsiaFM 亚洲粤语台,https://live.ximalaya.com/radio-first-page-app/live/999/64.m3u8?transcode=ts
凤凰卫视资讯台,http://58.144.154.93/qctv.fengshows.cn/live/0701pin72.m3u8
香港新城电台财经台,https://1716664847.rsc.cdn77.org/1716664847/index.m3u8
香港新城电台知讯台,https://1603884249.rsc.cdn77.org/1603884249/index.m3u8
香港新城电台 Metro Plus,https://1946218710.rsc.cdn77.org/1946218710/index.m3u8
广东股市广播,https://ytcast.radio.cn/63/radios/20488/index_20488.m3u8?type=1&key=400d61c1b0a9a4bf6c1d7f5f6c4a4ae3&time=68f8a2df
兰州新闻综合广播,https://ytcast.radio.cn/87/radios/21144/index_21144.m3u8?type=1&key=5236170fc6f7af36ed6b077cd758d633&time=68f88b57
兰州交通音乐广播,https://ytcast.radio.cn/87/radios/21143/index_21143.m3u8?type=1&key=a2ac44660683235d32c7cf00b18d9d44&time=68f88b59
兰州生活文艺广播,https://ytcast.radio.cn/87/radios/21141/index_21141.m3u8?type=1&key=76cfc48154fc3fedf34488e61a234c35&time=68f88b5b
陕西戏曲广播,https://satellitepull.cnr.cn/live/wxsxxxqgb/playlist.m3u8
西安新闻广播,https://stream3.xiancity.cn/1/sd/live.m3u8
西安交通广播,https://stream3.xiancity.cn/2/sd/live.m3u8
西安音乐广播,https://stream3.xiancity.cn/4/sd/live.m3u8
西安资讯广播,https://stream3.xiancity.cn/5/sd/live.m3u8
西安综艺广播,https://stream3.xiancity.cn/3/sd/live.m3u8
保定新闻广播,https://ytcast.radio.cn/60/radios/20385/index_20385.m3u8?type=1&key=9facea99a4d88ad8e4ade0e7e94b5a88&time=68f8aafe
保定交通广播,https://cnlive.cnr.cn/hls/bdjtgb.m3u8
保定经济广播,https://ytcast.radio.cn/60/radios/20384/index_20384.m3u8?type=1&key=6be233d693e6476111044ecb512d7079&time=68f88b6c
保定城市服务广播,https://ytcast.radio.cn/60/radios/20387/index_20387.m3u8?type=1&key=38ad23054e0117f8d3ae11233750b868&time=68f8ab03
承德新闻综合广播,https://ytcast.radio.cn/72/radios/21543/index_21543.m3u8?type=1&key=9a462cc77dfcc37b212b6824a58a7b3b&time=68f893b5
漯河交通音乐广播,https://live.ximalaya.com/radio-first-page-app/live/1272/64.m3u8?transcode=ts
沈阳交通广播,https://ytcast.radio.cn/84/radios/20825/index_20825.m3u8?type=1&key=694c966bee778dd281a49e56ed0048ff&time=68f88b82
沈阳经典音乐广播,https://iovliveplay.radio.cn/fm/1600000001655h.m3u8
抚顺交通广播,https://ls.qtfm.cn/live/1094.m3u8
大连音乐广播 Easy Radio,https://ls.qtfm.cn/live/1084.m3u8
广州金曲音乐广播,https://ytcast.radio.cn/71/radios/20730/index_20730.m3u8?type=1&key=924f522da5ea0d01bba46309f9cf4a87&time=68f87611
广州交通广播,https://ytcast.radio.cn/71/radios/20731/index_20731.m3u8?type=1&key=99d308d7b58cf86fb061ed46c31a6642&time=68f86932
广州青少年广播,https://ytcast.radio.cn/71/radios/20729/index_20729.m3u8?type=1&key=2b3339fdab38f27794c284b8c71621d8&time=68f87212
广州电台花都广播,https://live.ximalaya.com/radio-first-page-app/live/261/64.m3u8?transcode=ts
中山电台新锐967,https://cnlive.cnr.cn/hls/zsxinrui.m3u8
中山电台快乐888,https://live.ximalaya.com/radio-first-page-app/live/1191/64.m3u8?transcode=ts
湖南金鹰955电台,https://satellitepull.cnr.cn/live/wx32955/playlist.m3u8
岳阳新闻综合广播,https://ytcast.radio.cn/85/radios/21048/index_21048.m3u8?type=1&key=a153ab6f05bbff9bb4f76f0adf8f01f8&time=68f86326
岳阳交通广播,https://ytcast.radio.cn/85/radios/21050/index_21050.m3u8?type=1&key=15be81b86ef6bb346be653695d94636b&time=68f88ba8
香港电台第一台,https://rthkradio1-live.akamaized.net/hls/live/2035313/radio1/master.m3u8
香港电台第二台,https://rthkradio2-live.akamaized.net/hls/live/2040078/radio2/master.m3u8
香港电台第三台,https://rthkradio3-live.akamaized.net/hls/live/2040079/radio3/master.m3u8
香港电台第五台,https://rthkradio5-live.akamaized.net/hls/live/2040081/radio5/master.m3u8
新疆民生广播,https://ytcast.radio.cn/64/radios/21160/index_21160.m3u8?type=1&key=c3017785b91cd40edde483bf9c158b36&time=68f88c5f
中国乡村之声,https://ytcast2.radio.cn/110/radios/40654/index_40654.m3u8?type=1&key=cc0eab2e283a20c3b4abc51ec80da3db&time=68f8a8ae
中央台哈语广播,https://ytcast2.radio.cn/110/radios/40655/index_40655.m3u8?type=1&key=0f8e76e0b93bbcfd7f6ad7a337eb5e74&time=68f8a8ae
安徽农业科技频道,http://13429.liveplay.myqcloud.com/live/kjpd.m3u8
北京经典调频,https://ytcast.radio.cn/76/radios/21254/index_21254.m3u8?type=1&key=d29ca319d22d009ce8869c38e66b1560&time=68f8abc5
京津冀之声,https://brtv-radiolive.rbc.cn/alive/fm1006.m3u8
北京青年广播,https://live.ximalaya.com/radio-first-page-app/live/100/64.m3u8?transcode=ts
959 年代音乐怀旧好声音,https://ytcast.radio.cn/65/radios/22399/index_22399.m3u8?type=1&key=a21884859d8c24d7241a25298c288970&time=68f87db0
大兴人民广播电台,https://ytcast.radio.cn/63/radios/21255/index_21255.m3u8?type=1&key=d2f40c052a5f83f387d43b012c202180&time=68f8abca
上海KFM981潮流电台,https://ytcast.radio.cn/69/radios/21310/index_21310.m3u8?type=1&key=0836e159115937ba21c453c2db186f44&time=68f88c97
上海沸点100音乐广播,https://live.ximalaya.com/radio-first-page-app/live/1236/64.m3u8?transcode=ts
上海浦江之声电台,https://ytcast.radio.cn/85/radios/21317/index_21317.m3u8?type=1&key=413437888ff4db0606928d7e5fe011ce&time=68f88c9e
闵行人民广播电台,https://ytcast.radio.cn/82/radios/20846/index_20846.m3u8?type=1&key=0cf7318f6e21ba413e3ba8279dc13525&time=68f88ca0
东上海之声,https://ytcast.radio.cn/82/radios/20848/index_20848.m3u8?type=1&key=0bd17443b55fc6f6e1689ea5ff4169c5&time=68f88ca1
上海奉贤广播电台阳光FM959,https://live.ximalaya.com/radio-first-page-app/live/1237/64.m3u8?transcode=ts
河北旅游文化广播,https://radio.pull.hebtv.com/live/hebly.m3u8
河北农民广播,https://radio.pull.hebtv.com/live/hebnczx.m3u8
河北故事广播,http://live.fm.hebrbtv.com:1935/live/gs/64K/tzwj_video.m3u8
邯郸音乐广播,https://ytcast.radio.cn/89/radios/20781/index_20781.m3u8?type=1&key=8ecf289454f8207c724a9b4e1f9c4464&time=68f88cad
山西故事广播,https://ytcast.radio.cn/71/radios/20638/index_20638.m3u8?type=1&key=f0c49f68a5ac0e537856443e6842ce55&time=68f88caf
太原经济广播,https://ytcast.radio.cn/76/radios/21409/index_21409.m3u8?type=1&key=f10de9f732c9c16b5b0add3123a753cd&time=68f88cb0
太原音乐广播,https://ytcast.radio.cn/82/radios/20787/index_20787.m3u8?type=1&key=85cf99c00239062a84ba89212859266d&time=68f88cb2
太原综合广播,https://ls.qtfm.cn/live/20006.m3u8
杭州交通电台,https://live.ximalaya.com/radio-first-page-app/live/632/64.m3u8?transcode=ts
西湖之声,https://ytcast.radio.cn/81/radios/20933/index_20933.m3u8?type=1&key=a3f727016461afde0f32669143dc2ec6&time=68f8693b
杭州Z907,https://ytcast.radio.cn/81/radios/21232/index_21232.m3u8?type=1&key=97b6365bab342e16b95769eba3eb5c4a&time=68f88cbc
浙江经济广播,https://ytcast.radio.cn/61/radios/20460/index_20460.m3u8?type=1&key=d7b300bd21d134bace3d96320ab20dc0&time=68f889d0
东阳城市广播,https://ytcast.radio.cn/89/radios/21630/index_21630.m3u8?type=1&key=8de78994042d49d3558a03d3632d6daf&time=68f88cc1
清远交通音乐广播,https://ytcast.radio.cn/76/radios/22197/index_22197.m3u8?type=1&key=733c94f0c44905f89f074f7871123620&time=68f88cc2
桂林电台最爱912,https://ytcast.radio.cn/84/radios/21078/index_21078.m3u8?type=1&key=dec951534de4ba2a59b4a71f842e27fd&time=68f88cc4
辽宁都市广播,https://ytcast.radio.cn/84/radios/20823/index_20823.m3u8?type=1&key=e654d598f63710b85be24043ca44bd67&time=68f88cc6
山东经济广播,https://audiolive302.iqilu.com/sdradioJingji/sdradio02/playlist.m3u8
山东综合广播,https://audiolive302.iqilu.com/sdradioXinwen/sdradio01/playlist.m3u8
山东文艺广播,https://audiolive302.iqilu.com/sdradioWenyi/sdradio03/playlist.m3u8
山东交通广播,https://audiolive302.iqilu.com/sdradioJiaotong/sdradio05/playlist.m3u8
山东音乐广播,https://audiolive302.iqilu.com/sdradioYinyue/sdradio07/playlist.m3u8
山东经典音乐广播,https://audiolive302.iqilu.com/sdradioShenghuo/sdradio04/playlist.m3u8
山东体育广播,https://audiolive302.iqilu.com/sdradioTiyu/sdradio08/playlist.m3u8
山东乡村广播,https://audiolive302.iqilu.com/sdradioXiangcun/sdradio06/playlist.m3u8
济南交通广播,https://ytcast.radio.cn/81/radios/21692/index_21692.m3u8?type=1&key=0dd1d22c42780bf4eac94d75c82b7692&time=68f881a8
青岛广播爱车940,https://ytcast.radio.cn/74/radios/21007/index_21007.m3u8?type=1&key=acec66bdadbfd4cec30ec3c019aeebe5&time=68f8a0a5
青岛音乐广播,https://hlspull.qtv.com.cn/gwepn2sr/channel/2b2d8edc7696d389074c963d0171f34c/index.m3u8
江苏财经广播,https://lzlive.vojs.cn/caijing/92/live.m3u8
盐城音乐广播,https://ytcast.radio.cn/80/radios/20880/index_20880.m3u8?type=1&key=560a5c423a7fa2981263380d30897bdc&time=68f89570
盐城经典调频,https://ytcast.radio.cn/80/radios/20886/index_20886.m3u8?type=1&key=71f8f348b610c27805f302db0987622c&time=68f8ac16
扬州音乐广播 YES FM 949,https://ls.qtfm.cn/live/2805.m3u8
西咸之声 咸阳人民广播电台,https://live.ximalaya.com/radio-first-page-app/live/1595/64.m3u8?transcode=ts
福建东南广播,https://satellitepull.cnr.cn/live/wx32fjdngb/playlist.m3u8
泉州904交通之声,https://ytcast.radio.cn/69/radios/21205/index_21205.m3u8?type=1&key=3aae1a91e2406d3a7f125485e38a51bd&time=68f85c81
泉州刺桐之声,https://ls.qtfm.cn/live/5022360.m3u8
漳州人民广播电台交通广播,https://ls.qtfm.cn/live/1743.m3u8
福州893女主播电台 music radio,https://ls.qtfm.cn/live/4846.m3u8
湖州交通文艺广播,FM98.5
哈尔滨文艺广播,https://ytcast.radio.cn/79/radios/20836/index_20836.m3u8?type=1&key=9b24aec652ebe6586d06e9c4ff8569dc&time=68f8958a
哈尔滨经济广播,https://ytcast.radio.cn/83/radios/20842/index_20842.m3u8?type=1&key=f1bbc3e65b993158259ff2db67054077&time=68f8958d
九江交通广播,https://live.ximalaya.com/radio-first-page-app/live/631/64.m3u8?transcode=ts
焦作交通旅游广播,https://ytcast.radio.cn/83/radios/21779/index_21779.m3u8?type=1&key=5a3b9352509216050492c6da367ee48c&time=68f89595
株洲音乐广播,https://ls.qtfm.cn/live/5021481.m3u8
长沙交通广播,https://ytcast.radio.cn/82/radios/21061/index_21061.m3u8?type=1&key=fb155c6140e9af0d7e070bdd3acff9dd&time=68f8959a
长沙新闻广播,https://ytcast.radio.cn/out/CSXWGB-H/index.m3u8?type=1&key=0eec5ecb067b3037a9b648bfcce72d8b&time=68f8959b
浙江卫视,https://ali-m-l.cztv.com/channels/lantian/channel001/1080p.m3u8
BRTV北京卫视,http://8.138.7.223/tv/bjws4k.m3u8
澳亚卫视,https://live.mastvnet.com/lsdream/lY44pmm/2000/live.m3u8
东南卫视,https://cctvtxyh5ca.liveplay.myqcloud.com/wstv/dongnan_2/index.m3u8
四川卫视,https://cctvtxyh5ca.liveplay.myqcloud.com/wstv/sichuan_2/index.m3u8
康巴卫视,http://m3u8.kangbatv.com:1935/kangbatv/KBTV_hlkb/playlist.m3u8
厦门卫视,http://cstv.live.wscdns.com/live/xiamen/playlist.m3u8
青海卫视,https://cctvtxyh5ca.liveplay.myqcloud.com/wstv/qinghai_2/index.m3u8
新疆卫视,https://cctvtxyh5ca.liveplay.myqcloud.com/wstv/xinjiang_2/index.m3u8
海南卫视,https://cctvalih5ca.v.myalicdn.com/wstv/travel_2/index.m3u8
内蒙古卫视,https://cctvalih5ca.v.myalicdn.com/wstv/neimenggu_2/index.m3u8
三沙卫视,https://cctvtxyh5ca.liveplay.myqcloud.com/wstv/sansha_2/index.m3u8
河南新闻广播,https://stream.hndt.com/live/xinwen/playlist.m3u8
河南戏曲娱乐广播,https://stream.hndt.com/live/yule/playlist.m3u8
河南经济广播,https://stream.hndt.com/live/jingji/playlist.m3u8
河南农村广播,https://stream.hndt.com/live/nongcun/playlist.m3u8
河南信息广播·乐龄1056,https://stream.hndt.com/live/leling/playlist.m3u8
河南私家车广播,https://stream.hndt.com/live/sijiache/playlist.m3u8
河南经典FM广播电台,https://live.ximalaya.com/radio-first-page-app/live/2689/64.m3u8?transcode=ts
河南FM88.7民歌悠扬,https://live.ximalaya.com/radio-first-page-app/live/2291/64.m3u8?transcode=ts
香港电台第四台,https://rthkradio4-live.akamaized.net/hls/live/2040080/radio4/master.m3u8
伊犁城市音乐广播,https://ls.qtfm.cn/live/5022610.m3u8
海南民生广播,https://ytcast.radio.cn/69/radios/21100/index_21100.m3u8?type=1&key=15432bd480ab23e40a4f2095f31234f4&time=68f895db
海南旅游广播,https://ytcast.radio.cn/69/radios/21099/index_21099.m3u8?type=1&key=02af7870bef9b9268ac34c70e5c5fa85&time=68f895dc
郑州电台怀旧好声音,https://ytcast.radio.cn/76/radios/21251/index_21251.m3u8?type=1&key=7240e8b7e6f17ccb78ef7443f419d611&time=68f883d5
甘肃青春调频1048女主播,https://ytcast.radio.cn/63/radios/20485/index_20485.m3u8?type=1&key=6714c82ae0837c9f48ed6ee2150e0206&time=68f895e5
包头汽车音乐广播,https://ytcast.radio.cn/59/radios/21299/index_21299.m3u8?type=1&key=9e3925cd3bc08d28cb88a3dfa9ebe1ca&time=68f895ea
包头文艺广播,https://ytcast.radio.cn/82/radios/20805/index_20805.m3u8?type=1&key=264a44bd043555940229520d734c6cda&time=68f88d62
包头FM90.6 auto mate radio,https://ls.qtfm.cn/live/5021581.m3u8
包头生活娱乐广播,https://ytcast.radio.cn/82/radios/20806/index_20806.m3u8?type=1&key=dba98eeb0c7aa82e696a5b32412e9e49&time=68f895ef
CCTV13新闻频道,https://live-play.cctvnews.cctv.com/cctv/merge_cctv13.m3u8
浙江电视台钱江都市频道,https://hw-m-l.cztv.com/channels/lantian/channel002/1080p.m3u8
浙江经济生活频道,https://ali-m-l.cztv.com/channels/lantian/channel003/1080p.m3u8
浙江教育科技频道,https://ali-m-l.cztv.com/channels/lantian/channel004/1080p.m3u8
浙江电视台6频道-民生休闲,https://ali-m-l.cztv.com/channels/lantian/channel006/1080p.m3u8
浙江新闻公共频道,https://ali-m-l.cztv.com/channels/lantian/channel007/1080p.m3u8
浙江少儿频道,https://ali-m-l.cztv.com/channels/lantian/channel008/1080p.m3u8
浙江留学世界频道,https://ali-vl.cztv.com/channels/lantian/channel009/360p.m3u8
浙江国际频道,https://ali-m-l.cztv.com/channels/lantian/channel010/1080p.m3u8
浙江好易购频道,https://ali-m-l.cztv.com/channels/lantian/channel011/1080p.m3u8
河北经济频道,https://event.pull.hebtv.com/jishi/jingjishenghuo.m3u8
吉林卫视,https://cctvtxyh5ca.liveplay.myqcloud.com/wstv/jilin_2/index.m3u8
广西卫视,https://mobilelive.gxtv.cn/live/gx_live1004/playlist.m3u8
贵州卫视,https://cctvtxyh5ca.liveplay.myqcloud.com/wstv/guizhou_2/index.m3u8
深圳私家车电台,https://satellitepull.cnr.cn/live/wxszsjcgb/playlist.m3u8
广东国际频道,https://tingfm.com/wp-json/endpoint/stream/wndt_gdrt?id=46
嘉佳卡通卫视,https://tingfm.com/wp-json/endpoint/stream/wndt_gdrt?id=66
广东电视台新闻频道,https://tingfm.com/wp-json/endpoint/stream/wndt_gdrt?id=45
广东公共频道,https://tingfm.com/wp-json/endpoint/stream/wndt_gdrt?id=48
四川私家车广播,https://satellitepull.cnr.cn/live/wxsc925/playlist.m3u8
上海东方广播电台,https://satellitepull.cnr.cn/live/wx32dfgbdt/playlist.m3u8
福建汽车娱乐广播,https://ls.qtfm.cn/live/20211656.m3u8
河北汽车音乐广播,https://radio.pull.hebtv.com/live/hebqcyy.m3u8
安徽生活广播,https://satellitepull.cnr.cn/live/wxahshgb/playlist.m3u8
安徽影视频道,http://13429.liveplay.myqcloud.com/live/yspd.m3u8
安徽综艺体育频道,http://snapshot-live-ht.ahtv.cn/atvrtmp/143_q_live161829415240627.m3u8
湖南旅游广播,https://ytcast.radio.cn/73/radios/20524/index_20524.m3u8?type=1&key=dcbc9bd5cf03e37a98897108e03f9725&time=68f89667
江苏金陵之声,https://lzlive.vojs.cn/Hd2hIgM/92/live.m3u8
西安新闻综合频道,http://stream2.xiancity.cn/xatv1/sd/live.m3u8
云南卫视,https://cctvtxyh5ca.liveplay.myqcloud.com/wstv/yunnan_2/index.m3u8
江西卫视,https://cctvtxyh5ca.liveplay.myqcloud.com/wstv/jiangxi_2/index.m3u8
山西卫视,http://liveflash.sxrtv.com/live/sxwshd.m3u8?sub_m3u8=true&edge_slice=true
湖北城市之声,https://ytcast.radio.cn/63/radios/20535/index_20535.m3u8?type=1&key=7f9a3d1e77128e9b37c3e476517386c0&time=68f8967f
湖北农村广播,https://satellitepull.cnr.cn/live/wx32hubncgb/playlist.m3u8
延边新闻广播,https://satellitepull.cnr.cn/live/wxybxwgb/playlist.m3u8
内蒙古草原之声,https://ytcast.radio.cn/77/radios/21405/index_21405.m3u8?type=1&key=b3d0a71ba95bd737e8ae2b0951c7db79&time=68f89684
济南新闻综合频道,http://ts1.ijntv.cn/jnxw/sd/live.m3u8
济南都市频道,http://ts1.ijntv.cn/jnxw/sd/live.m3u8?_upt=682014991516989368
济南影视频道,http://ts1.ijntv.cn/jnyd/sd/live.m3u8
济南商务频道,ttp://ts1.ijntv.cn/jnsw/sd/live.m3u8
济南生活频道,http://ts2.ijntv.cn/jnsh/sd/live.m3u8
济南娱乐频道,http://ts2.ijntv.cn/jnyl/sd/live.m3u8
黑龙江朝语广播,https://satellitepull.cnr.cn/live/wx32hljcygb/playlist.m3u8
黑龙江私家车广播,https://satellitepull.cnr.cn/live/wx32hljsjcgb/playlist.m3u8
甘肃黄河之声,https://satellitepull.cnr.cn/live/wxgshhzs/playlist.m3u8
广西经济广播,https://ytcast.radio.cn/65/radios/10587/index_10587.m3u8?type=1&key=0c96abc395a9909af9b364a8ad081e1f&time=68f896ac
广西对外广播,https://satellitepull.cnr.cn/live/wx32gxdwgb/playlist.m3u8
绍兴新闻综合频道,http://stream.sxtv.com.cn/xwzh/sd/live.m3u8
绍兴公共频道,http://stream.sxtv.com.cn/ggzb/sd/live.m3u8
绍兴文化影视频道,http://stream.sxtv.com.cn/yszb/sd/live.m3u8
河北都市频道,https://event.pull.hebtv.com/jishi/dushipindao.m3u8
河北农民频道,https://event.pull.hebtv.com/jishi/nongminpindao.m3u8
河北影视频道,https://event.pull.hebtv.com/jishi/yingshijupindao.m3u8
河北少儿频道,https://event.pull.hebtv.com/jishi/shaoerkejiao.m3u8
河北公共频道,https://event.pull.hebtv.com/jishi/gonggongpindao.m3u8
河北三佳购物频道,https://event.pull.hebtv.com/jishi/sanjiagouwu.m3u8
内蒙古少儿频道,http://stream.nmtv.cn/4/sd/live.m3u8
内蒙古蒙语频道,http://stream.nmtv.cn/3/sd/live.m3u8
内蒙古新闻频道,http://stream.nmtv.cn/7/sd/live.m3u8
凤凰卫视中文台,http://58.144.154.93/qctv.fengshows.cn/live/0701pcc72.m3u8
芜湖音乐故事广播,http://live1.wuhubtv.com/channel7/sd/live.m3u8
芜湖新闻综合频道,http://live1.wuhubtv.com/channel1/sd/live.m3u8
芜湖生活频道,http://live1.wuhubtv.com/channel2/sd/live.m3u8
芜湖公共频道,http://live1.wuhubtv.com/channel3/sd/live.m3u8
芜湖教育频道,http://live1.wuhubtv.com/channel4/sd/live.m3u8
中国校园之声,https://ls.qtfm.cn/live/20091.m3u8
AsiaFM 亚洲音乐台,https://live.ximalaya.com/radio-first-page-app/live/764/64.m3u8?transcode=ts
AsiaFM 亚洲天空台,https://live.ximalaya.com/radio-first-page-app/live/2694/64.m3u8?transcode=ts
AsiaFM 亚洲经典台,https://live.ximalaya.com/radio-first-page-app/live/1005/64.m3u8?transcode=ts
AsiaFM HD 音乐台,https://live.ximalaya.com/radio-first-page-app/live/1427/64.m3u8?transcode=ts
锡林格勒汉语综合广播,https://satellitepull.cnr.cn/live/wx32nmgxlglhygb/playlist.m3u8
锡林格勒蒙语广播,https://satellitepull.cnr.cn/live/wx32nmgxlglmygb/playlist.m3u8
阿拉善汉语广播,https://satellitepull.cnr.cn/live/wx32nmgalshygb/playlist.m3u8
阿拉善蒙语广播,https://satellitepull.cnr.cn/live/wx32nmgalsmygb/playlist.m3u8
内蒙古对外广播,https://satellitepull.cnr.cn/live/wx32nmgdwgb/playlist.m3u8
山东商务广播,https://cnlive.cnr.cn/hls/sdswgb.m3u8
80后音悦台,http://r.yibo.so/live/5746ac3f934ff0e41b1e19b5.m3u8
河南古典音乐天籁广播,https://stream.hndt.com/live/gudian/chunklist_w1085892077.m3u8
洛阳音乐广播,https://ytcast.radio.cn/76/radios/21249/index_21249.m3u8?type=1&key=3ff346be19f7a1cfd619e38f5efc2573&time=68f8972c
成都故事广播,http://livecdn.pull.cdbs.com.cn/live/fm882/playlist.m3u8
